timestamp,sensor_id,location,vehicle_count,average_speed,congestion_level
2026-08-01T00:00:00,T001,Central_Station,130,47.24,Low
2026-08-01T00:05:00,T001,Chatswood,47,18.14,High
2026-08-01T00:10:00,T008,Chatswood,48,27.41,Medium
2026-08-01T00:15:00,T008,Parramatta,58,14.59,High
2026-08-01T00:20:00,T006,Parramatta,58,39.05,Medium
2026-08-01T00:25:00,T007,Sydney_CBD,48,17.25,High
2026-08-01T00:30:00,T005,Mascot,67,14.82,High
2026-08-01T00:35:00,T008,Sydney_CBD,145,58.15,Low
2026-08-01T00:40:00,T006,Mascot,145,20.32,High
2026-08-01T00:45:00,T002,Mascot,77,36.28,Medium
2026-08-01T00:50:00,T002,Parramatta,38,36.44,Medium
2026-08-01T00:55:00,T009,Mascot,16,47.33,Low
2026-08-01T01:00:00,T009,Chatswood,119,45.06,Low
2026-08-01T01:05:00,T004,Central_Station,101,64.05,Low
2026-08-01T01:10:00,T007,Chatswood,33,45.82,Low
2026-08-01T01:15:00,T010,Parramatta,53,33.47,Medium
2026-08-01T01:20:00,T010,Parramatta,49,24.26,High
2026-08-01T01:25:00,T007,Sydney_CBD,99,10.08,High
2026-08-01T01:30:00,T010,Sydney_CBD,114,62.14,Low
2026-08-01T01:35:00,T010,Chatswood,123,32.94,Medium
2026-08-01T01:40:00,T003,Sydney_CBD,45,67.0,Low
2026-08-01T01:45:00,T009,Mascot,101,21.88,High
2026-08-01T01:50:00,T004,Chatswood,26,55.21,Low
2026-08-01T01:55:00,T003,Chatswood,77,43.4,Medium
2026-08-01T02:00:00,T007,Chatswood,138,36.87,Medium
2026-08-01T02:05:00,T006,Sydney_CBD,27,55.14,Low
2026-08-01T02:10:00,T005,Central_Station,61,19.71,High
2026-08-01T02:15:00,T003,Mascot,74,52.35,Low
2026-08-01T02:20:00,T002,Chatswood,33,42.34,Medium
2026-08-01T02:25:00,T001,Mascot,23,68.32,Low
2026-08-01T02:30:00,T007,Mascot,136,52.11,Low
2026-08-01T02:35:00,T001,Parramatta,118,10.59,High
2026-08-01T02:40:00,T010,Mascot,23,63.78,Low
2026-08-01T02:45:00,T003,Sydney_CBD,49,67.74,Low
2026-08-01T02:50:00,T010,Chatswood,54,33.34,Medium
2026-08-01T02:55:00,T004,Chatswood,111,45.43,Low
2026-08-01T03:00:00,T003,Chatswood,116,52.9,Low
2026-08-01T03:05:00,T001,Central_Station,30,62.91,Low
2026-08-01T03:10:00,T003,Sydney_CBD,118,57.74,Low
2026-08-01T03:15:00,T010,Mascot,84,33.97,Medium
2026-08-01T03:20:00,T010,Sydney_CBD,15,24.42,High
2026-08-01T03:25:00,T004,Sydney_CBD,57,13.68,High
2026-08-01T03:30:00,T004,Sydney_CBD,16,60.5,Low
2026-08-01T03:35:00,T005,Central_Station,33,10.74,High
2026-08-01T03:40:00,T004,Central_Station,102,40.4,Medium
2026-08-01T03:45:00,T004,Mascot,40,61.28,Low
2026-08-01T03:50:00,T010,Sydney_CBD,91,10.48,High
2026-08-01T03:55:00,T007,Central_Station,69,62.85,Low
2026-08-01T04:00:00,T005,Mascot,123,10.93,High
2026-08-01T04:05:00,T001,Sydney_CBD,46,25.6,Medium
2026-08-01T04:10:00,T001,Mascot,12,45.1,Low
2026-08-01T04:15:00,T008,Central_Station,122,66.21,Low
2026-08-01T04:20:00,T002,Parramatta,98,23.28,High
2026-08-01T04:25:00,T006,Central_Station,102,53.0,Low
2026-08-01T04:30:00,T003,Mascot,21,69.39,Low
2026-08-01T04:35:00,T007,Mascot,14,37.3,Medium
2026-08-01T04:40:00,T006,Sydney_CBD,111,36.52,Medium
2026-08-01T04:45:00,T002,Sydney_CBD,135,12.76,High
2026-08-01T04:50:00,T002,Parramatta,90,20.81,High
2026-08-01T04:55:00,T003,Parramatta,52,27.42,Medium
2026-08-01T05:00:00,T003,Central_Station,56,27.83,Medium
2026-08-01T05:05:00,T002,Mascot,65,11.94,High
2026-08-01T05:10:00,T006,Sydney_CBD,19,50.91,Low
2026-08-01T05:15:00,T009,Central_Station,93,37.94,Medium
2026-08-01T05:20:00,T002,Chatswood,45,32.53,Medium
2026-08-01T05:25:00,T002,Sydney_CBD,37,24.24,High
2026-08-01T05:30:00,T006,Mascot,112,12.65,High
2026-08-01T05:35:00,T009,Central_Station,112,15.28,High
2026-08-01T05:40:00,T001,Mascot,127,46.8,Low
2026-08-01T05:45:00,T002,Mascot,106,68.95,Low
2026-08-01T05:50:00,T009,Sydney_CBD,84,68.14,Low
2026-08-01T05:55:00,T002,Chatswood,146,37.5,Medium
2026-08-01T06:00:00,T003,Parramatta,42,21.32,High
2026-08-01T06:05:00,T004,Parramatta,75,18.54,High
2026-08-01T06:10:00,T009,Chatswood,87,47.79,Low
2026-08-01T06:15:00,T007,Sydney_CBD,16,32.05,Medium
2026-08-01T06:20:00,T003,Chatswood,12,12.46,High
2026-08-01T06:25:00,T007,Mascot,114,64.95,Low
2026-08-01T06:30:00,T005,Parramatta,27,19.36,High
2026-08-01T06:35:00,T010,Mascot,105,57.36,Low
2026-08-01T06:40:00,T004,Parramatta,85,69.86,Low
2026-08-01T06:45:00,T005,Central_Station,36,59.18,Low
2026-08-01T06:50:00,T010,Parramatta,14,19.05,High
2026-08-01T06:55:00,T009,Sydney_CBD,45,64.76,Low
2026-08-01T07:00:00,T008,Mascot,87,68.1,Low
2026-08-01T07:05:00,T003,Mascot,66,65.67,Low
2026-08-01T07:10:00,T004,Mascot,37,36.22,Medium
2026-08-01T07:15:00,T007,Chatswood,37,27.38,Medium
2026-08-01T07:20:00,T007,Central_Station,61,13.63,High
2026-08-01T07:25:00,T006,Mascot,24,49.24,Low
2026-08-01T07:30:00,T008,Mascot,26,32.56,Medium
2026-08-01T07:35:00,T003,Sydney_CBD,114,41.34,Medium
2026-08-01T07:40:00,T009,Sydney_CBD,133,15.89,High
2026-08-01T07:45:00,T010,Sydney_CBD,61,32.87,Medium
2026-08-01T07:50:00,T002,Sydney_CBD,58,36.31,Medium
2026-08-01T07:55:00,T006,Central_Station,30,49.16,Low
2026-08-01T08:00:00,T005,Chatswood,94,66.23,Low
2026-08-01T08:05:00,T009,Sydney_CBD,95,34.27,Medium
2026-08-01T08:10:00,T003,Mascot,59,28.81,Medium
2026-08-01T08:15:00,T004,Parramatta,134,57.11,Low
2026-08-01T08:20:00,T002,Central_Station,128,62.34,Low
2026-08-01T08:25:00,T003,Chatswood,97,65.37,Low
2026-08-01T08:30:00,T004,Parramatta,118,27.2,Medium
2026-08-01T08:35:00,T009,Central_Station,28,40.06,Medium
2026-08-01T08:40:00,T005,Central_Station,147,23.69,High
2026-08-01T08:45:00,T010,Sydney_CBD,57,45.33,Low
2026-08-01T08:50:00,T005,Sydney_CBD,22,46.76,Low
2026-08-01T08:55:00,T004,Mascot,97,66.19,Low
2026-08-01T09:00:00,T002,Chatswood,96,52.51,Low
2026-08-01T09:05:00,T008,Chatswood,79,49.11,Low
2026-08-01T09:10:00,T008,Parramatta,35,65.19,Low
2026-08-01T09:15:00,T009,Parramatta,139,16.48,High
2026-08-01T09:20:00,T001,Chatswood,82,63.41,Low
2026-08-01T09:25:00,T007,Central_Station,130,33.11,Medium
2026-08-01T09:30:00,T005,Mascot,66,30.71,Medium
2026-08-01T09:35:00,T006,Parramatta,96,23.23,High
2026-08-01T09:40:00,T003,Chatswood,114,22.31,High
2026-08-01T09:45:00,T009,Central_Station,107,10.04,High
2026-08-01T09:50:00,T007,Sydney_CBD,116,25.35,Medium
2026-08-01T09:55:00,T001,Chatswood,116,69.63,Low
2026-08-01T10:00:00,T008,Chatswood,119,68.46,Low
2026-08-01T10:05:00,T005,Parramatta,15,65.96,Low
2026-08-01T10:10:00,T004,Parramatta,23,40.61,Medium
2026-08-01T10:15:00,T010,Sydney_CBD,103,32.63,Medium
2026-08-01T10:20:00,T001,Mascot,147,10.93,High
2026-08-01T10:25:00,T008,Sydney_CBD,102,25.56,Medium
2026-08-01T10:30:00,T009,Chatswood,112,22.26,High
2026-08-01T10:35:00,T008,Sydney_CBD,79,67.65,Low
2026-08-01T10:40:00,T005,Mascot,137,18.67,High
2026-08-01T10:45:00,T002,Central_Station,93,19.07,High
2026-08-01T10:50:00,T005,Sydney_CBD,64,19.75,High
2026-08-01T10:55:00,T004,Mascot,53,44.77,Medium
2026-08-01T11:00:00,T005,Sydney_CBD,145,52.56,Low
2026-08-01T11:05:00,T001,Parramatta,26,18.89,High
2026-08-01T11:10:00,T005,Chatswood,105,47.72,Low
2026-08-01T11:15:00,T002,Central_Station,145,50.52,Low
2026-08-01T11:20:00,T009,Sydney_CBD,56,53.76,Low
2026-08-01T11:25:00,T003,Chatswood,65,57.14,Low
2026-08-01T11:30:00,T008,Sydney_CBD,146,23.54,High
2026-08-01T11:35:00,T007,Parramatta,139,21.68,High
2026-08-01T11:40:00,T001,Parramatta,94,40.93,Medium
2026-08-01T11:45:00,T003,Chatswood,119,14.16,High
2026-08-01T11:50:00,T008,Chatswood,36,25.91,Medium
2026-08-01T11:55:00,T007,Central_Station,113,30.33,Medium
2026-08-01T12:00:00,T001,Parramatta,68,34.24,Medium
2026-08-01T12:05:00,T003,Mascot,73,16.84,High
2026-08-01T12:10:00,T008,Parramatta,138,55.52,Low
2026-08-01T12:15:00,T007,Sydney_CBD,136,42.26,Medium
2026-08-01T12:20:00,T010,Mascot,79,45.01,Low
2026-08-01T12:25:00,T003,Sydney_CBD,118,52.08,Low
2026-08-01T12:30:00,T004,Chatswood,73,64.18,Low
2026-08-01T12:35:00,T005,Sydney_CBD,27,55.97,Low
2026-08-01T12:40:00,T006,Mascot,33,42.7,Medium
2026-08-01T12:45:00,T010,Mascot,25,56.54,Low
2026-08-01T12:50:00,T007,Mascot,126,10.37,High
2026-08-01T12:55:00,T010,Central_Station,27,50.96,Low
2026-08-01T13:00:00,T002,Parramatta,136,27.31,Medium
2026-08-01T13:05:00,T010,Chatswood,120,34.67,Medium
2026-08-01T13:10:00,T008,Parramatta,50,13.58,High
2026-08-01T13:15:00,T004,Chatswood,135,20.3,High
2026-08-01T13:20:00,T009,Mascot,150,56.06,Low
2026-08-01T13:25:00,T004,Central_Station,129,62.53,Low
2026-08-01T13:30:00,T006,Parramatta,138,22.65,High
2026-08-01T13:35:00,T004,Mascot,147,35.7,Medium
2026-08-01T13:40:00,T001,Sydney_CBD,121,28.95,Medium
2026-08-01T13:45:00,T003,Mascot,45,62.2,Low
2026-08-01T13:50:00,T006,Mascot,44,31.69,Medium
2026-08-01T13:55:00,T006,Sydney_CBD,83,46.09,Low
2026-08-01T14:00:00,T007,Mascot,111,56.22,Low
2026-08-01T14:05:00,T001,Parramatta,44,62.07,Low
2026-08-01T14:10:00,T006,Sydney_CBD,139,59.52,Low
2026-08-01T14:15:00,T005,Central_Station,112,27.02,Medium
2026-08-01T14:20:00,T002,Mascot,100,65.63,Low
2026-08-01T14:25:00,T008,Sydney_CBD,122,16.99,High
2026-08-01T14:30:00,T009,Parramatta,150,29.84,Medium
2026-08-01T14:35:00,T001,Parramatta,32,36.75,Medium
2026-08-01T14:40:00,T002,Central_Station,87,27.06,Medium
2026-08-01T14:45:00,T010,Central_Station,71,27.52,Medium
2026-08-01T14:50:00,T007,Chatswood,35,50.8,Low
2026-08-01T14:55:00,T001,Mascot,42,46.77,Low
2026-08-01T15:00:00,T003,Parramatta,145,51.48,Low
2026-08-01T15:05:00,T002,Chatswood,36,66.09,Low
2026-08-01T15:10:00,T007,Sydney_CBD,78,25.28,Medium
2026-08-01T15:15:00,T010,Central_Station,92,32.11,Medium
2026-08-01T15:20:00,T006,Sydney_CBD,60,17.87,High
2026-08-01T15:25:00,T007,Sydney_CBD,111,47.19,Low
2026-08-01T15:30:00,T004,Chatswood,106,56.28,Low
2026-08-01T15:35:00,T007,Sydney_CBD,88,52.58,Low
2026-08-01T15:40:00,T007,Parramatta,75,28.47,Medium
2026-08-01T15:45:00,T005,Chatswood,145,68.21,Low
2026-08-01T15:50:00,T004,Mascot,99,39.39,Medium
2026-08-01T15:55:00,T008,Chatswood,88,64.29,Low
2026-08-01T16:00:00,T004,Sydney_CBD,82,49.45,Low
2026-08-01T16:05:00,T006,Mascot,20,11.87,High
2026-08-01T16:10:00,T001,Mascot,112,26.35,Medium
2026-08-01T16:15:00,T003,Sydney_CBD,47,46.13,Low
2026-08-01T16:20:00,T010,Central_Station,109,69.09,Low
2026-08-01T16:25:00,T010,Parramatta,17,39.49,Medium
2026-08-01T16:30:00,T009,Sydney_CBD,57,27.81,Medium
2026-08-01T16:35:00,T002,Mascot,40,68.91,Low
2026-08-01T16:40:00,T005,Mascot,91,46.83,Low
2026-08-01T16:45:00,T002,Chatswood,69,21.53,High
2026-08-01T16:50:00,T006,Chatswood,13,54.43,Low
2026-08-01T16:55:00,T003,Sydney_CBD,52,51.27,Low
2026-08-01T17:00:00,T003,Mascot,10,13.18,High
2026-08-01T17:05:00,T005,Mascot,110,41.05,Medium
2026-08-01T17:10:00,T007,Parramatta,40,37.51,Medium
2026-08-01T17:15:00,T002,Sydney_CBD,77,28.04,Medium
2026-08-01T17:20:00,T009,Parramatta,66,60.54,Low
2026-08-01T17:25:00,T010,Parramatta,36,23.97,High
2026-08-01T17:30:00,T007,Central_Station,72,18.38,High
2026-08-01T17:35:00,T003,Central_Station,55,13.15,High
2026-08-01T17:40:00,T004,Central_Station,120,25.07,Medium
2026-08-01T17:45:00,T010,Central_Station,95,32.74,Medium
2026-08-01T17:50:00,T009,Chatswood,39,23.77,High
2026-08-01T17:55:00,T007,Sydney_CBD,22,54.62,Low
2026-08-01T18:00:00,T010,Chatswood,38,28.69,Medium
2026-08-01T18:05:00,T006,Mascot,98,60.71,Low
2026-08-01T18:10:00,T001,Parramatta,102,32.99,Medium
2026-08-01T18:15:00,T003,Sydney_CBD,55,18.54,High
2026-08-01T18:20:00,T006,Chatswood,104,56.74,Low
2026-08-01T18:25:00,T001,Central_Station,106,64.23,Low
2026-08-01T18:30:00,T002,Sydney_CBD,53,32.46,Medium
2026-08-01T18:35:00,T010,Mascot,125,54.24,Low
2026-08-01T18:40:00,T005,Chatswood,21,60.53,Low
2026-08-01T18:45:00,T002,Sydney_CBD,11,60.25,Low
2026-08-01T18:50:00,T001,Sydney_CBD,127,33.68,Medium
2026-08-01T18:55:00,T009,Sydney_CBD,79,60.68,Low
2026-08-01T19:00:00,T005,Mascot,121,67.38,Low
2026-08-01T19:05:00,T007,Central_Station,36,43.98,Medium
2026-08-01T19:10:00,T003,Mascot,18,15.64,High
2026-08-01T19:15:00,T009,Central_Station,136,58.13,Low
2026-08-01T19:20:00,T007,Parramatta,29,68.29,Low
2026-08-01T19:25:00,T002,Chatswood,46,39.76,Medium
2026-08-01T19:30:00,T005,Chatswood,57,59.68,Low
2026-08-01T19:35:00,T010,Sydney_CBD,73,23.41,High
2026-08-01T19:40:00,T006,Sydney_CBD,74,59.51,Low
2026-08-01T19:45:00,T004,Mascot,122,56.08,Low
2026-08-01T19:50:00,T009,Mascot,17,65.01,Low
2026-08-01T19:55:00,T003,Mascot,76,57.01,Low
2026-08-01T20:00:00,T005,Chatswood,12,42.34,Medium
2026-08-01T20:05:00,T007,Parramatta,103,34.0,Medium
2026-08-01T20:10:00,T004,Central_Station,22,38.29,Medium
2026-08-01T20:15:00,T008,Central_Station,87,61.72,Low
2026-08-01T20:20:00,T010,Sydney_CBD,119,44.99,Medium
2026-08-01T20:25:00,T008,Central_Station,53,36.75,Medium
2026-08-01T20:30:00,T004,Mascot,50,20.39,High
2026-08-01T20:35:00,T001,Mascot,128,28.76,Medium
2026-08-01T20:40:00,T002,Chatswood,88,27.23,Medium
2026-08-01T20:45:00,T009,Mascot,70,47.15,Low
2026-08-01T20:50:00,T008,Central_Station,43,14.58,High
2026-08-01T20:55:00,T001,Chatswood,60,37.77,Medium
2026-08-01T21:00:00,T009,Central_Station,50,69.04,Low
2026-08-01T21:05:00,T006,Sydney_CBD,120,24.43,High
2026-08-01T21:10:00,T001,Mascot,40,38.87,Medium
2026-08-01T21:15:00,T002,Central_Station,14,45.33,Low
2026-08-01T21:20:00,T005,Chatswood,105,59.6,Low
2026-08-01T21:25:00,T002,Mascot,101,25.64,Medium
2026-08-01T21:30:00,T004,Central_Station,36,42.01,Medium
2026-08-01T21:35:00,T006,Parramatta,80,65.31,Low
2026-08-01T21:40:00,T002,Mascot,137,36.36,Medium
2026-08-01T21:45:00,T003,Chatswood,125,23.76,High
2026-08-01T21:50:00,T006,Central_Station,11,16.52,High
2026-08-01T21:55:00,T002,Mascot,30,53.99,Low
2026-08-01T22:00:00,T010,Chatswood,61,27.16,Medium
2026-08-01T22:05:00,T002,Central_Station,140,58.16,Low
2026-08-01T22:10:00,T005,Mascot,113,26.64,Medium
2026-08-01T22:15:00,T009,Sydney_CBD,96,26.67,Medium
2026-08-01T22:20:00,T003,Central_Station,63,13.24,High
2026-08-01T22:25:00,T006,Central_Station,28,69.41,Low
2026-08-01T22:30:00,T006,Mascot,73,29.16,Medium
2026-08-01T22:35:00,T009,Parramatta,16,61.64,Low
2026-08-01T22:40:00,T006,Chatswood,128,67.57,Low
2026-08-01T22:45:00,T010,Mascot,58,59.22,Low
2026-08-01T22:50:00,T004,Sydney_CBD,27,36.81,Medium
2026-08-01T22:55:00,T006,Parramatta,13,34.97,Medium
2026-08-01T23:00:00,T004,Mascot,101,29.43,Medium
2026-08-01T23:05:00,T005,Mascot,67,61.58,Low
2026-08-01T23:10:00,T002,Sydney_CBD,84,49.55,Low
2026-08-01T23:15:00,T006,Mascot,77,51.85,Low
2026-08-01T23:20:00,T005,Mascot,121,63.49,Low
2026-08-01T23:25:00,T006,Mascot,131,17.27,High
2026-08-01T23:30:00,T007,Parramatta,141,35.64,Medium
2026-08-01T23:35:00,T008,Sydney_CBD,59,44.12,Medium
2026-08-01T23:40:00,T007,Parramatta,27,42.13,Medium
2026-08-01T23:45:00,T006,Chatswood,44,38.22,Medium
2026-08-01T23:50:00,T007,Sydney_CBD,61,11.84,High
2026-08-01T23:55:00,T008,Mascot,18,54.97,Low
2026-08-02T00:00:00,T002,Mascot,78,36.86,Medium
2026-08-02T00:05:00,T001,Parramatta,132,69.87,Low
2026-08-02T00:10:00,T007,Parramatta,63,39.44,Medium
2026-08-02T00:15:00,T005,Chatswood,43,22.39,High
2026-08-02T00:20:00,T006,Mascot,32,51.34,Low
2026-08-02T00:25:00,T008,Parramatta,44,52.09,Low
2026-08-02T00:30:00,T005,Sydney_CBD,35,46.23,Low
2026-08-02T00:35:00,T008,Mascot,102,53.79,Low
2026-08-02T00:40:00,T005,Central_Station,150,54.47,Low
2026-08-02T00:45:00,T001,Central_Station,40,26.17,Medium
2026-08-02T00:50:00,T004,Mascot,66,53.46,Low
2026-08-02T00:55:00,T003,Chatswood,139,40.59,Medium
2026-08-02T01:00:00,T001,Chatswood,94,37.32,Medium
2026-08-02T01:05:00,T010,Sydney_CBD,49,57.72,Low
2026-08-02T01:10:00,T008,Mascot,150,49.83,Low
2026-08-02T01:15:00,T010,Chatswood,64,12.21,High
2026-08-02T01:20:00,T005,Mascot,17,27.83,Medium
2026-08-02T01:25:00,T001,Central_Station,149,35.87,Medium
2026-08-02T01:30:00,T001,Mascot,25,45.23,Low
2026-08-02T01:35:00,T008,Chatswood,121,55.36,Low
2026-08-02T01:40:00,T001,Sydney_CBD,82,46.19,Low
2026-08-02T01:45:00,T010,Central_Station,28,37.63,Medium
2026-08-02T01:50:00,T001,Mascot,132,19.88,High
2026-08-02T01:55:00,T004,Sydney_CBD,133,21.99,High
2026-08-02T02:00:00,T007,Sydney_CBD,76,66.14,Low
2026-08-02T02:05:00,T009,Parramatta,58,17.1,High
2026-08-02T02:10:00,T004,Sydney_CBD,68,29.74,Medium
2026-08-02T02:15:00,T008,Sydney_CBD,147,20.96,High
2026-08-02T02:20:00,T001,Chatswood,120,22.46,High
2026-08-02T02:25:00,T009,Parramatta,54,52.83,Low
2026-08-02T02:30:00,T004,Central_Station,51,32.38,Medium
2026-08-02T02:35:00,T001,Parramatta,43,27.53,Medium
2026-08-02T02:40:00,T005,Mascot,43,64.05,Low
2026-08-02T02:45:00,T008,Parramatta,96,43.85,Medium
2026-08-02T02:50:00,T010,Sydney_CBD,31,42.2,Medium
2026-08-02T02:55:00,T010,Sydney_CBD,75,67.73,Low
2026-08-02T03:00:00,T003,Central_Station,58,10.91,High
2026-08-02T03:05:00,T008,Sydney_CBD,122,15.36,High
2026-08-02T03:10:00,T010,Chatswood,141,50.34,Low
2026-08-02T03:15:00,T009,Mascot,10,29.35,Medium
2026-08-02T03:20:00,T005,Central_Station,98,67.89,Low
2026-08-02T03:25:00,T003,Central_Station,52,10.98,High
2026-08-02T03:30:00,T010,Mascot,35,48.13,Low
2026-08-02T03:35:00,T001,Sydney_CBD,51,21.03,High
2026-08-02T03:40:00,T008,Mascot,106,44.53,Medium
2026-08-02T03:45:00,T007,Central_Station,14,35.67,Medium
2026-08-02T03:50:00,T002,Mascot,67,22.74,High
2026-08-02T03:55:00,T006,Central_Station,73,19.67,High
2026-08-02T04:00:00,T006,Central_Station,83,26.45,Medium
2026-08-02T04:05:00,T005,Mascot,84,44.0,Medium
2026-08-02T04:10:00,T002,Mascot,92,69.74,Low
2026-08-02T04:15:00,T007,Sydney_CBD,142,30.86,Medium
2026-08-02T04:20:00,T003,Chatswood,136,48.25,Low
2026-08-02T04:25:00,T007,Sydney_CBD,67,66.13,Low
2026-08-02T04:30:00,T004,Central_Station,16,14.97,High
2026-08-02T04:35:00,T005,Chatswood,105,48.21,Low
2026-08-02T04:40:00,T001,Parramatta,125,10.2,High
2026-08-02T04:45:00,T010,Chatswood,90,42.49,Medium
2026-08-02T04:50:00,T009,Parramatta,52,36.45,Medium
2026-08-02T04:55:00,T006,Parramatta,96,54.73,Low
2026-08-02T05:00:00,T009,Central_Station,42,11.85,High
2026-08-02T05:05:00,T005,Parramatta,147,33.81,Medium
2026-08-02T05:10:00,T009,Sydney_CBD,58,34.25,Medium
2026-08-02T05:15:00,T002,Chatswood,51,48.57,Low
2026-08-02T05:20:00,T003,Parramatta,22,15.35,High
2026-08-02T05:25:00,T002,Central_Station,109,55.73,Low
2026-08-02T05:30:00,T002,Parramatta,13,19.93,High
2026-08-02T05:35:00,T003,Central_Station,117,60.44,Low
2026-08-02T05:40:00,T004,Central_Station,90,17.09,High
2026-08-02T05:45:00,T009,Sydney_CBD,71,34.24,Medium
2026-08-02T05:50:00,T001,Parramatta,72,23.18,High
2026-08-02T05:55:00,T006,Parramatta,78,35.49,Medium
2026-08-02T06:00:00,T006,Parramatta,39,23.66,High
2026-08-02T06:05:00,T007,Mascot,144,20.03,High
2026-08-02T06:10:00,T005,Mascot,57,58.99,Low
2026-08-02T06:15:00,T010,Mascot,30,50.2,Low
2026-08-02T06:20:00,T004,Sydney_CBD,34,46.58,Low
2026-08-02T06:25:00,T003,Parramatta,108,31.94,Medium
2026-08-02T06:30:00,T002,Central_Station,37,20.49,High
2026-08-02T06:35:00,T008,Sydney_CBD,118,11.74,High
2026-08-02T06:40:00,T005,Sydney_CBD,65,59.44,Low
2026-08-02T06:45:00,T003,Mascot,35,31.83,Medium
2026-08-02T06:50:00,T007,Parramatta,46,34.56,Medium
2026-08-02T06:55:00,T001,Mascot,93,60.64,Low
2026-08-02T07:00:00,T006,Sydney_CBD,105,32.52,Medium
2026-08-02T07:05:00,T004,Mascot,133,50.64,Low
2026-08-02T07:10:00,T004,Sydney_CBD,80,60.25,Low
2026-08-02T07:15:00,T009,Mascot,44,68.72,Low
2026-08-02T07:20:00,T008,Central_Station,126,59.56,Low
2026-08-02T07:25:00,T010,Central_Station,102,21.07,High
2026-08-02T07:30:00,T005,Central_Station,60,42.57,Medium
2026-08-02T07:35:00,T003,Mascot,136,35.13,Medium
2026-08-02T07:40:00,T001,Mascot,76,59.93,Low
2026-08-02T07:45:00,T001,Sydney_CBD,125,51.08,Low
2026-08-02T07:50:00,T008,Sydney_CBD,40,59.26,Low
2026-08-02T07:55:00,T005,Mascot,142,21.88,High
2026-08-02T08:00:00,T001,Parramatta,136,65.32,Low
2026-08-02T08:05:00,T007,Chatswood,15,29.0,Medium
2026-08-02T08:10:00,T001,Parramatta,112,68.2,Low
2026-08-02T08:15:00,T007,Parramatta,136,65.38,Low
2026-08-02T08:20:00,T007,Chatswood,21,66.4,Low
2026-08-02T08:25:00,T006,Parramatta,90,17.21,High
2026-08-02T08:30:00,T010,Chatswood,75,60.44,Low
2026-08-02T08:35:00,T005,Parramatta,101,47.6,Low
2026-08-02T08:40:00,T004,Parramatta,88,62.1,Low
2026-08-02T08:45:00,T006,Parramatta,121,16.94,High
2026-08-02T08:50:00,T002,Sydney_CBD,113,46.5,Low
2026-08-02T08:55:00,T008,Mascot,136,53.54,Low
2026-08-02T09:00:00,T009,Mascot,44,68.9,Low
2026-08-02T09:05:00,T004,Sydney_CBD,66,33.18,Medium
2026-08-02T09:10:00,T007,Parramatta,84,29.61,Medium
2026-08-02T09:15:00,T004,Mascot,104,45.91,Low
2026-08-02T09:20:00,T005,Chatswood,61,23.59,High
2026-08-02T09:25:00,T004,Chatswood,26,22.56,High
2026-08-02T09:30:00,T002,Chatswood,136,63.59,Low
2026-08-02T09:35:00,T007,Sydney_CBD,90,49.34,Low
2026-08-02T09:40:00,T005,Sydney_CBD,90,54.61,Low
2026-08-02T09:45:00,T006,Parramatta,86,61.03,Low
2026-08-02T09:50:00,T009,Chatswood,113,58.04,Low
2026-08-02T09:55:00,T002,Parramatta,127,27.85,Medium
2026-08-02T10:00:00,T006,Parramatta,115,47.13,Low
2026-08-02T10:05:00,T003,Central_Station,48,36.09,Medium
2026-08-02T10:10:00,T008,Mascot,47,37.47,Medium
2026-08-02T10:15:00,T006,Chatswood,58,37.21,Medium
2026-08-02T10:20:00,T006,Chatswood,11,28.25,Medium
2026-08-02T10:25:00,T008,Parramatta,77,21.76,High
2026-08-02T10:30:00,T004,Mascot,116,11.25,High
2026-08-02T10:35:00,T003,Parramatta,87,54.65,Low
2026-08-02T10:40:00,T002,Central_Station,144,11.56,High
2026-08-02T10:45:00,T002,Sydney_CBD,38,22.66,High
2026-08-02T10:50:00,T006,Central_Station,131,43.22,Medium
2026-08-02T10:55:00,T007,Chatswood,113,28.71,Medium
2026-08-02T11:00:00,T006,Sydney_CBD,26,29.24,Medium
2026-08-02T11:05:00,T010,Parramatta,18,14.92,High
2026-08-02T11:10:00,T006,Chatswood,23,64.53,Low
2026-08-02T11:15:00,T004,Mascot,90,57.74,Low
2026-08-02T11:20:00,T010,Chatswood,134,38.59,Medium
2026-08-02T11:25:00,T008,Parramatta,140,49.65,Low
2026-08-02T11:30:00,T004,Parramatta,92,57.45,Low
2026-08-02T11:35:00,T010,Parramatta,122,28.36,Medium
2026-08-02T11:40:00,T007,Central_Station,139,14.42,High
2026-08-02T11:45:00,T007,Sydney_CBD,27,45.81,Low
2026-08-02T11:50:00,T006,Sydney_CBD,150,26.55,Medium
2026-08-02T11:55:00,T002,Parramatta,27,42.32,Medium
2026-08-02T12:00:00,T003,Sydney_CBD,117,22.42,High
2026-08-02T12:05:00,T010,Sydney_CBD,10,42.92,Medium
2026-08-02T12:10:00,T008,Parramatta,122,56.29,Low
2026-08-02T12:15:00,T010,Chatswood,28,13.16,High
2026-08-02T12:20:00,T001,Mascot,105,60.21,Low
2026-08-02T12:25:00,T009,Central_Station,127,55.35,Low
2026-08-02T12:30:00,T007,Parramatta,24,54.8,Low
2026-08-02T12:35:00,T007,Chatswood,72,69.33,Low
2026-08-02T12:40:00,T005,Sydney_CBD,116,10.18,High
2026-08-02T12:45:00,T006,Mascot,20,49.4,Low
2026-08-02T12:50:00,T004,Sydney_CBD,43,14.78,High
2026-08-02T12:55:00,T004,Parramatta,17,38.03,Medium
2026-08-02T13:00:00,T002,Chatswood,26,48.02,Low
2026-08-02T13:05:00,T008,Chatswood,72,68.24,Low
2026-08-02T13:10:00,T006,Sydney_CBD,21,27.47,Medium
2026-08-02T13:15:00,T010,Chatswood,47,28.65,Medium
2026-08-02T13:20:00,T003,Sydney_CBD,42,39.32,Medium
2026-08-02T13:25:00,T001,Mascot,82,37.66,Medium
2026-08-02T13:30:00,T001,Mascot,34,19.41,High
2026-08-02T13:35:00,T010,Mascot,147,27.1,Medium
2026-08-02T13:40:00,T004,Central_Station,137,25.46,Medium
2026-08-02T13:45:00,T009,Mascot,94,29.71,Medium
2026-08-02T13:50:00,T005,Sydney_CBD,59,58.52,Low
2026-08-02T13:55:00,T009,Central_Station,125,41.23,Medium
2026-08-02T14:00:00,T002,Central_Station,115,59.04,Low
2026-08-02T14:05:00,T005,Central_Station,50,65.91,Low
2026-08-02T14:10:00,T004,Central_Station,69,22.85,High
2026-08-02T14:15:00,T008,Chatswood,136,24.42,High
2026-08-02T14:20:00,T005,Parramatta,81,53.41,Low
2026-08-02T14:25:00,T008,Central_Station,87,58.98,Low
2026-08-02T14:30:00,T004,Sydney_CBD,103,64.9,Low
2026-08-02T14:35:00,T002,Parramatta,67,62.98,Low
2026-08-02T14:40:00,T009,Central_Station,139,17.15,High
2026-08-02T14:45:00,T009,Parramatta,54,13.9,High
2026-08-02T14:50:00,T003,Chatswood,23,40.03,Medium
2026-08-02T14:55:00,T009,Sydney_CBD,102,54.61,Low
2026-08-02T15:00:00,T001,Mascot,121,43.81,Medium
2026-08-02T15:05:00,T006,Mascot,41,43.86,Medium
2026-08-02T15:10:00,T009,Mascot,134,27.11,Medium
2026-08-02T15:15:00,T009,Parramatta,20,35.37,Medium
2026-08-02T15:20:00,T009,Chatswood,130,65.58,Low
2026-08-02T15:25:00,T003,Central_Station,150,24.2,High
2026-08-02T15:30:00,T001,Parramatta,113,34.89,Medium
2026-08-02T15:35:00,T010,Mascot,128,25.93,Medium
2026-08-02T15:40:00,T007,Sydney_CBD,124,20.13,High
2026-08-02T15:45:00,T001,Central_Station,40,59.5,Low
2026-08-02T15:50:00,T002,Central_Station,75,19.86,High
2026-08-02T15:55:00,T007,Sydney_CBD,55,37.25,Medium
2026-08-02T16:00:00,T004,Sydney_CBD,50,46.89,Low
2026-08-02T16:05:00,T001,Parramatta,24,40.7,Medium
2026-08-02T16:10:00,T004,Parramatta,54,40.11,Medium
2026-08-02T16:15:00,T002,Central_Station,148,52.24,Low
2026-08-02T16:20:00,T006,Central_Station,148,57.19,Low
2026-08-02T16:25:00,T006,Sydney_CBD,31,27.03,Medium
2026-08-02T16:30:00,T001,Central_Station,23,67.69,Low
2026-08-02T16:35:00,T006,Parramatta,37,67.56,Low
2026-08-02T16:40:00,T002,Central_Station,111,51.5,Low
2026-08-02T16:45:00,T007,Chatswood,141,33.57,Medium
2026-08-02T16:50:00,T004,Central_Station,122,41.42,Medium
2026-08-02T16:55:00,T007,Parramatta,67,28.44,Medium
2026-08-02T17:00:00,T001,Central_Station,44,47.45,Low
2026-08-02T17:05:00,T006,Central_Station,86,35.07,Medium
2026-08-02T17:10:00,T007,Central_Station,147,18.79,High
2026-08-02T17:15:00,T001,Parramatta,48,23.29,High
2026-08-02T17:20:00,T006,Sydney_CBD,146,39.47,Medium
2026-08-02T17:25:00,T008,Parramatta,75,25.08,Medium
2026-08-02T17:30:00,T001,Parramatta,102,49.75,Low
2026-08-02T17:35:00,T007,Parramatta,67,41.25,Medium
2026-08-02T17:40:00,T003,Sydney_CBD,10,51.63,Low
2026-08-02T17:45:00,T004,Mascot,139,26.32,Medium
2026-08-02T17:50:00,T001,Parramatta,10,47.71,Low
2026-08-02T17:55:00,T008,Central_Station,40,15.29,High
2026-08-02T18:00:00,T001,Chatswood,70,64.32,Low
2026-08-02T18:05:00,T005,Mascot,103,60.25,Low
2026-08-02T18:10:00,T007,Mascot,73,22.54,High
2026-08-02T18:15:00,T005,Parramatta,119,24.89,High
2026-08-02T18:20:00,T008,Central_Station,96,41.2,Medium
2026-08-02T18:25:00,T005,Chatswood,24,44.91,Medium
2026-08-02T18:30:00,T009,Sydney_CBD,73,47.9,Low
2026-08-02T18:35:00,T010,Sydney_CBD,49,63.05,Low
2026-08-02T18:40:00,T007,Mascot,31,55.84,Low
2026-08-02T18:45:00,T006,Mascot,147,23.09,High
2026-08-02T18:50:00,T004,Mascot,112,26.13,Medium
2026-08-02T18:55:00,T001,Chatswood,30,34.43,Medium
2026-08-02T19:00:00,T002,Mascot,68,33.79,Medium
2026-08-02T19:05:00,T007,Parramatta,150,69.4,Low
2026-08-02T19:10:00,T007,Parramatta,89,16.13,High
2026-08-02T19:15:00,T007,Central_Station,136,32.03,Medium
2026-08-02T19:20:00,T005,Chatswood,102,20.67,High
2026-08-02T19:25:00,T007,Parramatta,37,62.47,Low
2026-08-02T19:30:00,T008,Parramatta,23,67.51,Low
2026-08-02T19:35:00,T002,Mascot,29,39.74,Medium
2026-08-02T19:40:00,T010,Sydney_CBD,99,21.24,High
2026-08-02T19:45:00,T008,Mascot,103,27.09,Medium
2026-08-02T19:50:00,T009,Central_Station,138,58.11,Low
2026-08-02T19:55:00,T003,Sydney_CBD,73,15.26,High
2026-08-02T20:00:00,T008,Sydney_CBD,125,53.04,Low
2026-08-02T20:05:00,T007,Central_Station,54,45.06,Low
2026-08-02T20:10:00,T004,Parramatta,98,42.74,Medium
2026-08-02T20:15:00,T006,Sydney_CBD,82,50.99,Low
2026-08-02T20:20:00,T001,Mascot,85,10.38,High
2026-08-02T20:25:00,T010,Mascot,53,28.07,Medium
2026-08-02T20:30:00,T010,Chatswood,25,20.73,High
2026-08-02T20:35:00,T002,Parramatta,12,58.74,Low
2026-08-02T20:40:00,T010,Sydney_CBD,124,52.61,Low
2026-08-02T20:45:00,T002,Central_Station,100,10.44,High
2026-08-02T20:50:00,T002,Mascot,127,50.43,Low
2026-08-02T20:55:00,T008,Parramatta,127,62.05,Low
2026-08-02T21:00:00,T005,Parramatta,139,61.91,Low
2026-08-02T21:05:00,T002,Parramatta,85,52.17,Low
2026-08-02T21:10:00,T009,Central_Station,52,46.24,Low
2026-08-02T21:15:00,T010,Parramatta,142,55.42,Low
2026-08-02T21:20:00,T006,Chatswood,41,44.14,Medium
2026-08-02T21:25:00,T005,Sydney_CBD,73,26.52,Medium
2026-08-02T21:30:00,T003,Chatswood,78,31.53,Medium
2026-08-02T21:35:00,T007,Chatswood,79,23.59,High
2026-08-02T21:40:00,T005,Central_Station,69,41.79,Medium
2026-08-02T21:45:00,T002,Sydney_CBD,125,69.16,Low
2026-08-02T21:50:00,T001,Chatswood,139,38.34,Medium
2026-08-02T21:55:00,T005,Mascot,117,48.37,Low
2026-08-02T22:00:00,T002,Chatswood,66,55.0,Low
2026-08-02T22:05:00,T010,Parramatta,52,42.72,Medium
2026-08-02T22:10:00,T003,Mascot,144,55.3,Low
2026-08-02T22:15:00,T002,Parramatta,108,52.68,Low
2026-08-02T22:20:00,T007,Central_Station,118,24.35,High
2026-08-02T22:25:00,T006,Parramatta,17,49.94,Low
2026-08-02T22:30:00,T009,Central_Station,125,30.61,Medium
2026-08-02T22:35:00,T004,Mascot,141,51.37,Low
2026-08-02T22:40:00,T003,Sydney_CBD,50,45.32,Low
2026-08-02T22:45:00,T006,Mascot,68,13.82,High
2026-08-02T22:50:00,T004,Central_Station,132,15.07,High
2026-08-02T22:55:00,T010,Sydney_CBD,73,68.19,Low
2026-08-02T23:00:00,T006,Chatswood,43,16.25,High
2026-08-02T23:05:00,T001,Central_Station,118,22.75,High
2026-08-02T23:10:00,T001,Mascot,146,48.97,Low
2026-08-02T23:15:00,T004,Parramatta,115,26.71,Medium
2026-08-02T23:20:00,T003,Mascot,35,55.68,Low
2026-08-02T23:25:00,T009,Mascot,56,45.51,Low
2026-08-02T23:30:00,T002,Parramatta,51,23.76,High
2026-08-02T23:35:00,T006,Mascot,13,44.58,Medium
2026-08-02T23:40:00,T006,Central_Station,24,13.7,High
2026-08-02T23:45:00,T007,Central_Station,108,43.09,Medium
2026-08-02T23:50:00,T005,Parramatta,84,17.4,High
2026-08-02T23:55:00,T006,Sydney_CBD,68,28.48,Medium
2026-08-03T00:00:00,T010,Parramatta,99,58.83,Low
2026-08-03T00:05:00,T003,Mascot,116,66.42,Low
2026-08-03T00:10:00,T010,Mascot,121,37.88,Medium
2026-08-03T00:15:00,T006,Parramatta,77,49.34,Low
2026-08-03T00:20:00,T005,Parramatta,28,63.77,Low
2026-08-03T00:25:00,T006,Mascot,105,12.23,High
2026-08-03T00:30:00,T010,Central_Station,21,45.44,Low
2026-08-03T00:35:00,T001,Parramatta,122,45.3,Low
2026-08-03T00:40:00,T001,Parramatta,33,23.39,High
2026-08-03T00:45:00,T007,Mascot,125,10.98,High
2026-08-03T00:50:00,T005,Mascot,46,54.04,Low
2026-08-03T00:55:00,T002,Central_Station,147,23.27,High
2026-08-03T01:00:00,T004,Parramatta,14,68.28,Low
2026-08-03T01:05:00,T006,Chatswood,80,20.55,High
2026-08-03T01:10:00,T001,Central_Station,92,68.46,Low
2026-08-03T01:15:00,T006,Central_Station,128,68.7,Low
2026-08-03T01:20:00,T003,Parramatta,102,43.14,Medium
2026-08-03T01:25:00,T003,Sydney_CBD,35,69.36,Low
2026-08-03T01:30:00,T010,Sydney_CBD,46,28.91,Medium
2026-08-03T01:35:00,T005,Mascot,37,20.69,High
2026-08-03T01:40:00,T004,Parramatta,79,42.74,Medium
2026-08-03T01:45:00,T002,Parramatta,33,17.23,High
2026-08-03T01:50:00,T009,Parramatta,59,50.04,Low
2026-08-03T01:55:00,T010,Mascot,102,27.43,Medium
2026-08-03T02:00:00,T007,Parramatta,34,22.15,High
2026-08-03T02:05:00,T002,Sydney_CBD,113,69.3,Low
2026-08-03T02:10:00,T003,Central_Station,134,12.93,High
2026-08-03T02:15:00,T006,Central_Station,88,54.72,Low
2026-08-03T02:20:00,T006,Sydney_CBD,13,64.34,Low
2026-08-03T02:25:00,T004,Central_Station,56,37.16,Medium
2026-08-03T02:30:00,T006,Sydney_CBD,97,19.64,High
2026-08-03T02:35:00,T001,Sydney_CBD,99,12.77,High
2026-08-03T02:40:00,T006,Chatswood,12,68.95,Low
2026-08-03T02:45:00,T002,Chatswood,49,46.37,Low
2026-08-03T02:50:00,T003,Sydney_CBD,72,24.77,High
2026-08-03T02:55:00,T004,Parramatta,67,19.56,High
2026-08-03T03:00:00,T004,Sydney_CBD,97,32.78,Medium
2026-08-03T03:05:00,T005,Parramatta,122,13.66,High
2026-08-03T03:10:00,T005,Mascot,50,34.92,Medium
2026-08-03T03:15:00,T001,Parramatta,11,56.2,Low
2026-08-03T03:20:00,T004,Chatswood,145,51.48,Low
2026-08-03T03:25:00,T003,Central_Station,67,50.86,Low
2026-08-03T03:30:00,T001,Central_Station,84,42.93,Medium
2026-08-03T03:35:00,T004,Mascot,138,49.82,Low
2026-08-03T03:40:00,T002,Parramatta,143,15.18,High
2026-08-03T03:45:00,T010,Sydney_CBD,50,29.05,Medium
2026-08-03T03:50:00,T004,Central_Station,48,33.24,Medium
2026-08-03T03:55:00,T008,Sydney_CBD,23,38.15,Medium
2026-08-03T04:00:00,T002,Mascot,136,13.41,High
2026-08-03T04:05:00,T005,Mascot,37,22.0,High
2026-08-03T04:10:00,T004,Mascot,150,14.64,High
2026-08-03T04:15:00,T002,Chatswood,34,22.37,High
2026-08-03T04:20:00,T005,Parramatta,39,18.91,High
2026-08-03T04:25:00,T005,Central_Station,37,35.65,Medium
2026-08-03T04:30:00,T002,Sydney_CBD,24,61.78,Low
2026-08-03T04:35:00,T009,Mascot,30,19.93,High
2026-08-03T04:40:00,T003,Chatswood,100,48.74,Low
2026-08-03T04:45:00,T002,Central_Station,95,54.33,Low
2026-08-03T04:50:00,T009,Central_Station,108,65.85,Low
2026-08-03T04:55:00,T007,Parramatta,104,69.11,Low
2026-08-03T05:00:00,T003,Chatswood,74,27.86,Medium
2026-08-03T05:05:00,T009,Chatswood,28,57.56,Low
2026-08-03T05:10:00,T008,Parramatta,15,19.47,High
2026-08-03T05:15:00,T003,Mascot,134,38.78,Medium
2026-08-03T05:20:00,T004,Sydney_CBD,85,53.73,Low
2026-08-03T05:25:00,T010,Parramatta,105,17.18,High
2026-08-03T05:30:00,T006,Chatswood,62,39.37,Medium
2026-08-03T05:35:00,T008,Mascot,12,17.39,High
2026-08-03T05:40:00,T002,Parramatta,147,10.37,High
2026-08-03T05:45:00,T001,Parramatta,97,55.82,Low
2026-08-03T05:50:00,T007,Parramatta,129,63.22,Low
2026-08-03T05:55:00,T010,Central_Station,135,37.06,Medium
2026-08-03T06:00:00,T004,Parramatta,13,14.13,High
2026-08-03T06:05:00,T010,Chatswood,149,40.12,Medium
2026-08-03T06:10:00,T010,Central_Station,24,27.11,Medium
2026-08-03T06:15:00,T008,Sydney_CBD,123,65.24,Low
2026-08-03T06:20:00,T008,Central_Station,68,55.87,Low
2026-08-03T06:25:00,T006,Parramatta,103,31.91,Medium
2026-08-03T06:30:00,T003,Mascot,60,47.97,Low
2026-08-03T06:35:00,T003,Chatswood,10,21.87,High
2026-08-03T06:40:00,T008,Parramatta,16,15.22,High
2026-08-03T06:45:00,T008,Parramatta,49,12.26,High
2026-08-03T06:50:00,T008,Sydney_CBD,47,11.28,High
2026-08-03T06:55:00,T003,Central_Station,138,67.02,Low
2026-08-03T07:00:00,T006,Chatswood,144,65.2,Low
2026-08-03T07:05:00,T007,Parramatta,20,62.82,Low
2026-08-03T07:10:00,T009,Mascot,50,67.64,Low
2026-08-03T07:15:00,T008,Parramatta,39,36.12,Medium
2026-08-03T07:20:00,T007,Mascot,12,12.83,High
2026-08-03T07:25:00,T005,Central_Station,45,29.5,Medium
2026-08-03T07:30:00,T003,Central_Station,41,22.47,High
2026-08-03T07:35:00,T001,Parramatta,87,26.18,Medium
2026-08-03T07:40:00,T004,Sydney_CBD,123,16.42,High
2026-08-03T07:45:00,T007,Mascot,10,35.51,Medium
2026-08-03T07:50:00,T002,Sydney_CBD,141,27.01,Medium
2026-08-03T07:55:00,T003,Parramatta,148,55.04,Low
2026-08-03T08:00:00,T005,Parramatta,90,10.92,High
2026-08-03T08:05:00,T002,Central_Station,147,20.92,High
2026-08-03T08:10:00,T005,Central_Station,37,57.04,Low
2026-08-03T08:15:00,T004,Mascot,68,42.07,Medium
2026-08-03T08:20:00,T006,Mascot,74,53.81,Low
2026-08-03T08:25:00,T006,Mascot,139,36.02,Medium
2026-08-03T08:30:00,T008,Sydney_CBD,11,36.35,Medium
2026-08-03T08:35:00,T006,Parramatta,96,13.07,High
2026-08-03T08:40:00,T005,Central_Station,89,36.67,Medium
2026-08-03T08:45:00,T003,Chatswood,130,13.91,High
2026-08-03T08:50:00,T003,Sydney_CBD,54,34.37,Medium
2026-08-03T08:55:00,T002,Parramatta,107,39.36,Medium
2026-08-03T09:00:00,T002,Central_Station,14,48.47,Low
2026-08-03T09:05:00,T002,Mascot,56,40.94,Medium
2026-08-03T09:10:00,T005,Central_Station,31,12.99,High
2026-08-03T09:15:00,T005,Parramatta,134,26.78,Medium
2026-08-03T09:20:00,T003,Sydney_CBD,117,25.44,Medium
2026-08-03T09:25:00,T002,Sydney_CBD,91,47.6,Low
2026-08-03T09:30:00,T005,Sydney_CBD,111,61.46,Low
2026-08-03T09:35:00,T003,Sydney_CBD,32,25.5,Medium
2026-08-03T09:40:00,T009,Sydney_CBD,17,46.93,Low
2026-08-03T09:45:00,T003,Central_Station,63,18.66,High
2026-08-03T09:50:00,T009,Chatswood,118,10.26,High
2026-08-03T09:55:00,T006,Central_Station,39,47.03,Low
2026-08-03T10:00:00,T002,Parramatta,52,11.1,High
2026-08-03T10:05:00,T006,Chatswood,31,62.64,Low
2026-08-03T10:10:00,T004,Parramatta,123,11.45,High
2026-08-03T10:15:00,T005,Chatswood,150,19.29,High
2026-08-03T10:20:00,T009,Parramatta,51,39.83,Medium
2026-08-03T10:25:00,T007,Mascot,28,49.55,Low
2026-08-03T10:30:00,T005,Mascot,20,54.5,Low
2026-08-03T10:35:00,T005,Chatswood,14,25.71,Medium
2026-08-03T10:40:00,T004,Parramatta,129,46.92,Low
2026-08-03T10:45:00,T010,Central_Station,134,58.66,Low
2026-08-03T10:50:00,T003,Mascot,77,41.24,Medium
2026-08-03T10:55:00,T008,Sydney_CBD,79,35.47,Medium
2026-08-03T11:00:00,T009,Sydney_CBD,95,65.72,Low
2026-08-03T11:05:00,T007,Parramatta,12,14.13,High
2026-08-03T11:10:00,T002,Sydney_CBD,124,67.38,Low
2026-08-03T11:15:00,T003,Central_Station,125,66.21,Low
2026-08-03T11:20:00,T005,Parramatta,69,31.71,Medium
2026-08-03T11:25:00,T001,Central_Station,105,43.89,Medium
2026-08-03T11:30:00,T010,Sydney_CBD,53,39.11,Medium
2026-08-03T11:35:00,T006,Chatswood,57,41.98,Medium
2026-08-03T11:40:00,T009,Sydney_CBD,120,68.11,Low
2026-08-03T11:45:00,T006,Sydney_CBD,49,21.27,High
2026-08-03T11:50:00,T003,Parramatta,138,24.95,High
2026-08-03T11:55:00,T005,Sydney_CBD,113,63.54,Low
2026-08-03T12:00:00,T006,Sydney_CBD,88,10.55,High
2026-08-03T12:05:00,T002,Central_Station,46,16.76,High
2026-08-03T12:10:00,T009,Parramatta,39,60.44,Low
2026-08-03T12:15:00,T002,Central_Station,82,18.04,High
2026-08-03T12:20:00,T005,Mascot,42,54.8,Low
2026-08-03T12:25:00,T003,Central_Station,26,40.37,Medium
2026-08-03T12:30:00,T001,Parramatta,74,14.34,High
2026-08-03T12:35:00,T007,Chatswood,131,53.34,Low
2026-08-03T12:40:00,T002,Chatswood,77,14.71,High
2026-08-03T12:45:00,T009,Mascot,18,53.12,Low
2026-08-03T12:50:00,T009,Parramatta,133,24.26,High
2026-08-03T12:55:00,T007,Central_Station,120,19.73,High
2026-08-03T13:00:00,T008,Central_Station,131,57.13,Low
2026-08-03T13:05:00,T006,Mascot,110,19.48,High
2026-08-03T13:10:00,T004,Central_Station,103,33.96,Medium
2026-08-03T13:15:00,T009,Parramatta,76,42.64,Medium
2026-08-03T13:20:00,T003,Chatswood,146,32.14,Medium
2026-08-03T13:25:00,T007,Sydney_CBD,18,55.42,Low
2026-08-03T13:30:00,T006,Chatswood,54,35.93,Medium
2026-08-03T13:35:00,T004,Central_Station,148,29.74,Medium
2026-08-03T13:40:00,T010,Parramatta,101,45.51,Low
2026-08-03T13:45:00,T001,Chatswood,22,28.01,Medium
2026-08-03T13:50:00,T009,Parramatta,146,61.9,Low
2026-08-03T13:55:00,T002,Sydney_CBD,129,33.22,Medium
2026-08-03T14:00:00,T008,Chatswood,132,28.95,Medium
2026-08-03T14:05:00,T003,Mascot,145,62.92,Low
2026-08-03T14:10:00,T009,Mascot,40,43.93,Medium
2026-08-03T14:15:00,T003,Central_Station,130,14.83,High
2026-08-03T14:20:00,T007,Parramatta,53,66.59,Low
2026-08-03T14:25:00,T001,Central_Station,33,24.35,High
2026-08-03T14:30:00,T010,Parramatta,62,54.35,Low
2026-08-03T14:35:00,T009,Mascot,123,22.41,High
2026-08-03T14:40:00,T004,Central_Station,60,54.27,Low
2026-08-03T14:45:00,T007,Central_Station,20,34.61,Medium
2026-08-03T14:50:00,T007,Mascot,124,18.36,High
2026-08-03T14:55:00,T006,Central_Station,73,30.7,Medium
2026-08-03T15:00:00,T008,Chatswood,120,54.97,Low
2026-08-03T15:05:00,T001,Mascot,11,43.64,Medium
2026-08-03T15:10:00,T006,Parramatta,139,12.59,High
2026-08-03T15:15:00,T009,Chatswood,86,19.93,High
2026-08-03T15:20:00,T004,Mascot,132,39.25,Medium
2026-08-03T15:25:00,T001,Mascot,130,62.4,Low
2026-08-03T15:30:00,T009,Central_Station,12,53.14,Low
2026-08-03T15:35:00,T002,Central_Station,40,19.26,High
2026-08-03T15:40:00,T010,Mascot,45,27.71,Medium
2026-08-03T15:45:00,T005,Chatswood,45,31.9,Medium
2026-08-03T15:50:00,T009,Chatswood,88,31.09,Medium
2026-08-03T15:55:00,T009,Mascot,125,20.92,High
2026-08-03T16:00:00,T004,Mascot,57,65.14,Low
2026-08-03T16:05:00,T009,Chatswood,40,22.46,High
2026-08-03T16:10:00,T002,Central_Station,52,54.4,Low
2026-08-03T16:15:00,T007,Sydney_CBD,143,51.0,Low
2026-08-03T16:20:00,T008,Parramatta,71,37.51,Medium
2026-08-03T16:25:00,T009,Parramatta,123,53.43,Low
2026-08-03T16:30:00,T010,Mascot,79,63.55,Low
2026-08-03T16:35:00,T010,Parramatta,137,67.04,Low
2026-08-03T16:40:00,T007,Central_Station,115,15.79,High
2026-08-03T16:45:00,T001,Parramatta,65,34.48,Medium
2026-08-03T16:50:00,T005,Mascot,11,63.8,Low
2026-08-03T16:55:00,T005,Parramatta,52,41.78,Medium
2026-08-03T17:00:00,T002,Sydney_CBD,149,40.03,Medium
2026-08-03T17:05:00,T008,Parramatta,90,27.37,Medium
2026-08-03T17:10:00,T008,Central_Station,101,39.04,Medium
2026-08-03T17:15:00,T006,Mascot,39,21.03,High
2026-08-03T17:20:00,T002,Central_Station,122,34.67,Medium
2026-08-03T17:25:00,T010,Parramatta,10,54.11,Low
2026-08-03T17:30:00,T005,Mascot,41,25.53,Medium
2026-08-03T17:35:00,T008,Parramatta,21,55.65,Low
2026-08-03T17:40:00,T006,Parramatta,59,65.74,Low
2026-08-03T17:45:00,T002,Sydney_CBD,34,57.14,Low
2026-08-03T17:50:00,T004,Mascot,56,19.89,High
2026-08-03T17:55:00,T001,Mascot,91,55.26,Low
2026-08-03T18:00:00,T003,Chatswood,135,12.83,High
2026-08-03T18:05:00,T002,Mascot,97,40.89,Medium
2026-08-03T18:10:00,T004,Parramatta,67,30.4,Medium
2026-08-03T18:15:00,T003,Parramatta,150,59.13,Low
2026-08-03T18:20:00,T003,Chatswood,37,11.45,High
2026-08-03T18:25:00,T009,Central_Station,53,46.49,Low
2026-08-03T18:30:00,T002,Parramatta,75,27.24,Medium
2026-08-03T18:35:00,T010,Parramatta,134,55.77,Low
2026-08-03T18:40:00,T001,Mascot,15,55.78,Low
2026-08-03T18:45:00,T002,Sydney_CBD,68,36.49,Medium
2026-08-03T18:50:00,T003,Central_Station,59,39.42,Medium
2026-08-03T18:55:00,T008,Chatswood,100,62.73,Low
2026-08-03T19:00:00,T009,Parramatta,55,29.29,Medium
2026-08-03T19:05:00,T003,Chatswood,116,60.84,Low
2026-08-03T19:10:00,T010,Chatswood,124,69.94,Low
2026-08-03T19:15:00,T010,Central_Station,100,26.29,Medium
2026-08-03T19:20:00,T001,Mascot,123,18.99,High
2026-08-03T19:25:00,T005,Mascot,67,23.45,High
2026-08-03T19:30:00,T006,Sydney_CBD,118,39.6,Medium
2026-08-03T19:35:00,T006,Chatswood,26,28.95,Medium
2026-08-03T19:40:00,T006,Chatswood,98,56.96,Low
2026-08-03T19:45:00,T006,Chatswood,38,48.21,Low
2026-08-03T19:50:00,T002,Parramatta,80,23.27,High
2026-08-03T19:55:00,T009,Chatswood,111,62.48,Low
2026-08-03T20:00:00,T005,Central_Station,52,28.59,Medium
2026-08-03T20:05:00,T001,Sydney_CBD,14,53.15,Low
2026-08-03T20:10:00,T007,Mascot,104,49.84,Low
2026-08-03T20:15:00,T008,Parramatta,139,64.14,Low
2026-08-03T20:20:00,T008,Parramatta,124,17.61,High
2026-08-03T20:25:00,T009,Parramatta,73,67.21,Low
2026-08-03T20:30:00,T002,Sydney_CBD,110,59.74,Low
2026-08-03T20:35:00,T010,Chatswood,41,56.51,Low
2026-08-03T20:40:00,T002,Sydney_CBD,143,59.05,Low
2026-08-03T20:45:00,T010,Sydney_CBD,109,61.79,Low
2026-08-03T20:50:00,T007,Mascot,97,37.57,Medium
2026-08-03T20:55:00,T009,Mascot,141,48.8,Low
2026-08-03T21:00:00,T004,Central_Station,41,49.38,Low
2026-08-03T21:05:00,T008,Chatswood,134,44.75,Medium
2026-08-03T21:10:00,T003,Central_Station,129,23.45,High
2026-08-03T21:15:00,T003,Sydney_CBD,130,20.89,High
2026-08-03T21:20:00,T002,Parramatta,51,13.08,High
2026-08-03T21:25:00,T007,Parramatta,82,38.35,Medium
2026-08-03T21:30:00,T001,Mascot,95,17.99,High
2026-08-03T21:35:00,T006,Chatswood,83,18.92,High
2026-08-03T21:40:00,T005,Parramatta,138,37.55,Medium
2026-08-03T21:45:00,T005,Parramatta,87,13.45,High
2026-08-03T21:50:00,T009,Parramatta,23,27.65,Medium
2026-08-03T21:55:00,T003,Chatswood,75,50.42,Low
2026-08-03T22:00:00,T005,Chatswood,13,29.98,Medium
2026-08-03T22:05:00,T005,Central_Station,102,60.53,Low
2026-08-03T22:10:00,T006,Central_Station,96,54.93,Low
2026-08-03T22:15:00,T005,Parramatta,76,62.93,Low
2026-08-03T22:20:00,T006,Mascot,58,40.53,Medium
2026-08-03T22:25:00,T009,Mascot,24,21.83,High
2026-08-03T22:30:00,T005,Sydney_CBD,68,17.83,High
2026-08-03T22:35:00,T003,Parramatta,84,22.06,High
2026-08-03T22:40:00,T009,Sydney_CBD,29,41.3,Medium
2026-08-03T22:45:00,T006,Mascot,139,15.05,High
2026-08-03T22:50:00,T007,Mascot,20,41.58,Medium
2026-08-03T22:55:00,T008,Mascot,30,15.02,High
2026-08-03T23:00:00,T009,Mascot,112,12.14,High
2026-08-03T23:05:00,T001,Central_Station,120,62.45,Low
2026-08-03T23:10:00,T006,Sydney_CBD,83,27.76,Medium
2026-08-03T23:15:00,T001,Parramatta,21,18.73,High
2026-08-03T23:20:00,T001,Sydney_CBD,34,14.2,High
2026-08-03T23:25:00,T008,Central_Station,112,56.99,Low
2026-08-03T23:30:00,T010,Central_Station,136,35.77,Medium
2026-08-03T23:35:00,T005,Central_Station,145,45.84,Low
2026-08-03T23:40:00,T007,Chatswood,44,58.16,Low
2026-08-03T23:45:00,T001,Chatswood,81,56.48,Low
2026-08-03T23:50:00,T001,Central_Station,71,60.44,Low
2026-08-03T23:55:00,T006,Parramatta,19,23.78,High
2026-08-04T00:00:00,T005,Parramatta,142,50.84,Low
2026-08-04T00:05:00,T004,Sydney_CBD,93,14.5,High
2026-08-04T00:10:00,T010,Chatswood,62,19.72,High
2026-08-04T00:15:00,T007,Sydney_CBD,55,40.41,Medium
2026-08-04T00:20:00,T005,Parramatta,28,15.2,High
2026-08-04T00:25:00,T003,Central_Station,108,15.24,High
2026-08-04T00:30:00,T006,Sydney_CBD,90,68.85,Low
2026-08-04T00:35:00,T010,Chatswood,58,50.29,Low
2026-08-04T00:40:00,T010,Parramatta,72,17.51,High
2026-08-04T00:45:00,T002,Sydney_CBD,128,29.7,Medium
2026-08-04T00:50:00,T004,Central_Station,102,20.65,High
2026-08-04T00:55:00,T003,Parramatta,57,65.32,Low
2026-08-04T01:00:00,T010,Mascot,10,35.28,Medium
2026-08-04T01:05:00,T008,Mascot,93,64.09,Low
2026-08-04T01:10:00,T007,Mascot,57,32.03,Medium
2026-08-04T01:15:00,T002,Sydney_CBD,78,46.11,Low
2026-08-04T01:20:00,T001,Parramatta,89,11.95,High
2026-08-04T01:25:00,T007,Parramatta,126,66.28,Low
2026-08-04T01:30:00,T001,Chatswood,55,69.29,Low
2026-08-04T01:35:00,T003,Mascot,126,33.95,Medium
2026-08-04T01:40:00,T004,Sydney_CBD,72,44.25,Medium
2026-08-04T01:45:00,T006,Sydney_CBD,70,57.46,Low
2026-08-04T01:50:00,T002,Chatswood,112,59.88,Low
2026-08-04T01:55:00,T009,Parramatta,73,66.37,Low
2026-08-04T02:00:00,T004,Mascot,44,10.17,High
2026-08-04T02:05:00,T007,Parramatta,50,68.21,Low
2026-08-04T02:10:00,T008,Parramatta,37,18.73,High
2026-08-04T02:15:00,T006,Sydney_CBD,91,44.9,Medium
2026-08-04T02:20:00,T006,Chatswood,130,40.36,Medium
2026-08-04T02:25:00,T005,Mascot,120,39.06,Medium
2026-08-04T02:30:00,T006,Sydney_CBD,84,49.98,Low
2026-08-04T02:35:00,T004,Chatswood,22,26.97,Medium
2026-08-04T02:40:00,T006,Mascot,150,54.68,Low
2026-08-04T02:45:00,T009,Chatswood,91,48.31,Low
2026-08-04T02:50:00,T003,Mascot,143,32.57,Medium
2026-08-04T02:55:00,T006,Parramatta,65,21.62,High
2026-08-04T03:00:00,T003,Sydney_CBD,63,66.08,Low
2026-08-04T03:05:00,T004,Central_Station,54,32.84,Medium
2026-08-04T03:10:00,T007,Mascot,27,18.07,High
2026-08-04T03:15:00,T001,Sydney_CBD,33,28.04,Medium
2026-08-04T03:20:00,T007,Parramatta,85,69.96,Low
2026-08-04T03:25:00,T006,Parramatta,146,36.41,Medium
2026-08-04T03:30:00,T001,Sydney_CBD,147,15.73,High
2026-08-04T03:35:00,T002,Mascot,90,62.24,Low
2026-08-04T03:40:00,T006,Parramatta,65,41.52,Medium
2026-08-04T03:45:00,T006,Central_Station,76,34.76,Medium
2026-08-04T03:50:00,T008,Mascot,54,34.07,Medium
2026-08-04T03:55:00,T006,Parramatta,58,51.18,Low
2026-08-04T04:00:00,T006,Parramatta,51,29.8,Medium
2026-08-04T04:05:00,T008,Chatswood,53,49.08,Low
2026-08-04T04:10:00,T005,Central_Station,74,21.88,High
2026-08-04T04:15:00,T008,Chatswood,79,59.29,Low
2026-08-04T04:20:00,T008,Sydney_CBD,18,58.92,Low
2026-08-04T04:25:00,T007,Central_Station,139,51.21,Low
2026-08-04T04:30:00,T010,Central_Station,18,27.92,Medium
2026-08-04T04:35:00,T002,Mascot,15,56.73,Low
2026-08-04T04:40:00,T006,Sydney_CBD,122,64.02,Low
2026-08-04T04:45:00,T002,Central_Station,83,42.18,Medium
2026-08-04T04:50:00,T006,Parramatta,113,32.01,Medium
2026-08-04T04:55:00,T010,Chatswood,51,66.65,Low
2026-08-04T05:00:00,T004,Sydney_CBD,81,62.7,Low
2026-08-04T05:05:00,T007,Chatswood,143,67.81,Low
2026-08-04T05:10:00,T010,Chatswood,13,60.31,Low
2026-08-04T05:15:00,T010,Chatswood,36,49.7,Low
2026-08-04T05:20:00,T010,Mascot,130,58.54,Low
2026-08-04T05:25:00,T007,Chatswood,53,19.99,High
2026-08-04T05:30:00,T009,Chatswood,72,23.99,High
2026-08-04T05:35:00,T002,Parramatta,11,61.07,Low
2026-08-04T05:40:00,T002,Chatswood,31,62.96,Low
2026-08-04T05:45:00,T001,Parramatta,96,10.1,High
2026-08-04T05:50:00,T009,Sydney_CBD,72,65.32,Low
2026-08-04T05:55:00,T008,Central_Station,82,40.02,Medium
2026-08-04T06:00:00,T007,Sydney_CBD,115,28.19,Medium
2026-08-04T06:05:00,T010,Central_Station,83,19.41,High
2026-08-04T06:10:00,T006,Mascot,60,69.34,Low
2026-08-04T06:15:00,T005,Central_Station,88,60.43,Low
2026-08-04T06:20:00,T009,Parramatta,67,19.67,High
2026-08-04T06:25:00,T003,Mascot,84,58.96,Low
2026-08-04T06:30:00,T003,Mascot,80,25.8,Medium
2026-08-04T06:35:00,T006,Chatswood,75,45.92,Low
2026-08-04T06:40:00,T010,Sydney_CBD,113,18.38,High
2026-08-04T06:45:00,T009,Mascot,71,39.02,Medium
2026-08-04T06:50:00,T006,Parramatta,120,30.84,Medium
2026-08-04T06:55:00,T001,Mascot,75,52.44,Low
2026-08-04T07:00:00,T003,Central_Station,93,48.55,Low
2026-08-04T07:05:00,T010,Central_Station,146,51.55,Low
2026-08-04T07:10:00,T004,Central_Station,76,54.2,Low
2026-08-04T07:15:00,T006,Mascot,102,55.18,Low
2026-08-04T07:20:00,T003,Chatswood,87,24.34,High
2026-08-04T07:25:00,T006,Mascot,145,25.24,Medium
2026-08-04T07:30:00,T002,Mascot,20,23.94,High
2026-08-04T07:35:00,T008,Sydney_CBD,103,11.25,High
2026-08-04T07:40:00,T006,Mascot,83,53.41,Low
2026-08-04T07:45:00,T009,Sydney_CBD,32,33.12,Medium
2026-08-04T07:50:00,T009,Central_Station,121,60.85,Low
2026-08-04T07:55:00,T010,Central_Station,32,38.58,Medium
2026-08-04T08:00:00,T006,Central_Station,108,59.83,Low
2026-08-04T08:05:00,T005,Parramatta,65,36.88,Medium
2026-08-04T08:10:00,T005,Sydney_CBD,126,35.61,Medium
2026-08-04T08:15:00,T006,Sydney_CBD,140,33.63,Medium
2026-08-04T08:20:00,T006,Parramatta,127,64.59,Low
2026-08-04T08:25:00,T005,Parramatta,138,52.04,Low
2026-08-04T08:30:00,T005,Mascot,99,34.43,Medium
2026-08-04T08:35:00,T005,Parramatta,12,43.68,Medium
2026-08-04T08:40:00,T008,Sydney_CBD,144,14.74,High
2026-08-04T08:45:00,T009,Central_Station,19,40.17,Medium
2026-08-04T08:50:00,T005,Sydney_CBD,87,31.69,Medium
2026-08-04T08:55:00,T003,Parramatta,12,67.75,Low
2026-08-04T09:00:00,T004,Sydney_CBD,30,13.21,High
2026-08-04T09:05:00,T006,Mascot,136,45.85,Low
2026-08-04T09:10:00,T006,Sydney_CBD,121,16.87,High
2026-08-04T09:15:00,T008,Parramatta,49,68.69,Low
2026-08-04T09:20:00,T009,Mascot,26,61.54,Low
2026-08-04T09:25:00,T008,Central_Station,64,42.54,Medium
2026-08-04T09:30:00,T006,Chatswood,77,14.68,High
2026-08-04T09:35:00,T006,Mascot,136,63.03,Low
2026-08-04T09:40:00,T004,Central_Station,115,27.18,Medium
2026-08-04T09:45:00,T007,Sydney_CBD,71,49.77,Low
2026-08-04T09:50:00,T005,Sydney_CBD,90,66.46,Low
2026-08-04T09:55:00,T008,Mascot,100,11.95,High
2026-08-04T10:00:00,T001,Mascot,126,18.97,High
2026-08-04T10:05:00,T007,Chatswood,56,10.68,High
2026-08-04T10:10:00,T003,Central_Station,66,33.59,Medium
2026-08-04T10:15:00,T003,Central_Station,120,30.84,Medium
2026-08-04T10:20:00,T002,Parramatta,21,37.65,Medium
2026-08-04T10:25:00,T004,Central_Station,45,39.34,Medium
2026-08-04T10:30:00,T001,Parramatta,82,50.72,Low
2026-08-04T10:35:00,T004,Mascot,53,54.13,Low
2026-08-04T10:40:00,T005,Sydney_CBD,140,28.99,Medium
2026-08-04T10:45:00,T004,Chatswood,138,69.41,Low
2026-08-04T10:50:00,T006,Chatswood,73,41.71,Medium
2026-08-04T10:55:00,T008,Chatswood,148,24.28,High
2026-08-04T11:00:00,T004,Chatswood,124,26.13,Medium
2026-08-04T11:05:00,T003,Parramatta,129,55.88,Low
2026-08-04T11:10:00,T009,Chatswood,109,10.42,High
2026-08-04T11:15:00,T005,Mascot,82,27.64,Medium
